{
  "benchmark_file": "benchmark_run_20260123_144829.json",
  "total_sent": 100000,
  "total_in_db": 2275,
  "missing_count": 97725,
  "missing_ids": [
    1,
    2,
    3,
    4,
    5,
    6,
    7,
    8,
    9,
    10,
    11,
    12,
    13,
    14,
    15,
    16,
    17,
    18,
    19,
    20
  ],
  "extra_count": 0,
  "extra_ids": [],
  "duplicate_count": 0,
  "duplicate_ids": [],
  "success_rate": 2.275,
  "duration": 4.856142282485962,
  "avg_tps": 20592.477358140313
}