{
  "benchmark_file": "benchmark_run_20260123_144134.json",
  "total_sent": 770574,
  "total_in_db": 4398,
  "missing_count": 766176,
  "missing_ids": [
    4399,
    4400,
    4401,
    4402,
    4403,
    4404,
    4405,
    4406,
    4407,
    4408,
    4409,
    4410,
    4411,
    4412,
    4413,
    4414,
    4415,
    4416,
    4417,
    4418
  ],
  "extra_count": 0,
  "extra_ids": [],
  "duplicate_count": 0,
  "duplicate_ids": [],
  "success_rate": 0.5707433679309191,
  "duration": 30.003204107284546,
  "avg_tps": 25683.05695767042
}